20141001,0:00
20141001,1:00
20141001,2:00
20141001,3:00
20141001,4:00
20141001,5:00
20141001,6:00
20141001,7:00
20141001,8:00
20141001,9:00
20141001,10:00
20141001,11:00
20141001,12:00
20141001,13:00
20141001,14:00
20141001,15:00
20141001,16:00
20141001,17:00
20141001,18:00
20141001,19:00
20141001,20:00
20141001,21:00
20141001,22:00
20141001,23:00
20141002,0:00
20141002,1:00
20141002,2:00
20141002,3:00
20141002,4:00
20141002,5:00
20141002,6:00
20141002,7:00
20141002,8:00
20141002,9:00
20141002,10:00
20141002,11:00
20141002,12:00
20141002,13:00
20141002,14:00
20141002,15:00
20141002,16:00
20141002,17:00
20141002,18:00
20141002,19:00
20141002,20:00
20141002,21:00
20141002,22:00
20141002,23:00
20141003,0:00
20141003,1:00
20141003,2:00
20141003,3:00
20141003,4:00
20141003,5:00
20141003,6:00
20141003,7:00
20141003,8:00
20141003,9:00
20141003,10:00
20141003,11:00
20141003,12:00
20141003,13:00
20141003,14:00
20141003,15:00
20141003,16:00
20141003,17:00
20141003,18:00
20141003,19:00
20141003,20:00
20141003,21:00
20141003,22:00
20141003,23:00
20141004,0:00
20141004,1:00
20141004,2:00
20141004,3:00
20141004,4:00
20141004,5:00
20141004,6:00
20141004,7:00
20141004,8:00
20141004,9:00
20141004,10:00
20141004,11:00
20141004,12:00
20141004,13:00
20141004,14:00
20141004,15:00
20141004,16:00
20141004,17:00
20141004,18:00
20141004,19:00
20141004,20:00
20141004,21:00
20141004,22:00
20141004,23:00
20141005,0:00
20141005,1:00
20141005,2:00
20141005,3:00
20141005,4:00
20141005,5:00
20141005,6:00
20141005,7:00
20141005,8:00
20141005,9:00
20141005,10:00
20141005,11:00
20141005,12:00
20141005,13:00
20141005,14:00
20141005,15:00
20141005,16:00
20141005,17:00
20141005,18:00
20141005,19:00
20141005,20:00
20141005,21:00
20141005,22:00
20141005,23:00
20141006,0:00
20141006,1:00
20141006,2:00
20141006,3:00
20141006,4:00
20141006,5:00
20141006,6:00
20141006,7:00
20141006,8:00
20141006,9:00
20141006,10:00
20141006,11:00
20141006,12:00
20141006,13:00
20141006,14:00
20141006,15:00
20141006,16:00
20141006,17:00
20141006,18:00
20141006,19:00
20141006,20:00
20141006,21:00
20141006,22:00
20141006,23:00
20141007,0:00
20141007,1:00
20141007,2:00
20141007,3:00
20141007,4:00
20141007,5:00
20141007,6:00
20141007,7:00
20141007,8:00
20141007,9:00
20141007,10:00
20141007,11:00
20141007,12:00
20141007,13:00
20141007,14:00
20141007,15:00
20141007,16:00
20141007,17:00
20141007,18:00
20141007,19:00
20141007,20:00
20141007,21:00
20141007,22:00
20141007,23:00
20141008,0:00
20141008,1:00
20141008,2:00
20141008,3:00
20141008,4:00
20141008,5:00
20141008,6:00
20141008,7:00
20141008,8:00
20141008,9:00
20141008,10:00
20141008,11:00
20141008,12:00
20141008,13:00
20141008,14:00
20141008,15:00
20141008,16:00
20141008,17:00
20141008,18:00
20141008,19:00
20141008,20:00
20141008,21:00
20141008,22:00
20141008,23:00
20141009,0:00
20141009,1:00
20141009,2:00
20141009,3:00
20141009,4:00
20141009,5:00
20141009,6:00
20141009,7:00
20141009,8:00
20141009,9:00
20141009,10:00
20141009,11:00
20141009,12:00
20141009,13:00
20141009,14:00
20141009,15:00
20141009,16:00
20141009,17:00
20141009,18:00
20141009,19:00
20141009,20:00
20141009,21:00
20141009,22:00
20141009,23:00
20141010,0:00
20141010,1:00
20141010,2:00
20141010,3:00
20141010,4:00
20141010,5:00
20141010,6:00
20141010,7:00
20141010,8:00
20141010,9:00
20141010,10:00
20141010,11:00
20141010,12:00
20141010,13:00
20141010,14:00
20141010,15:00
20141010,16:00
20141010,17:00
20141010,18:00
20141010,19:00
20141010,20:00
20141010,21:00
20141010,22:00
20141010,23:00
20141011,0:00
20141011,1:00
20141011,2:00
20141011,3:00
20141011,4:00
20141011,5:00
20141011,6:00
20141011,7:00
20141011,8:00
20141011,9:00
20141011,10:00
20141011,11:00
20141011,12:00
20141011,13:00
20141011,14:00
20141011,15:00
20141011,16:00
20141011,17:00
20141011,18:00
20141011,19:00
20141011,20:00
20141011,21:00
20141011,22:00
20141011,23:00
20141012,0:00
20141012,1:00
20141012,2:00
20141012,3:00
20141012,4:00
20141012,5:00
20141012,6:00
20141012,7:00
20141012,8:00
20141012,9:00
20141012,10:00
20141012,11:00
20141012,12:00
20141012,13:00
20141012,14:00
20141012,15:00
20141012,16:00
20141012,17:00
20141012,18:00
20141012,19:00
20141012,20:00
20141012,21:00
20141012,22:00
20141012,23:00
20141013,0:00
20141013,1:00
20141013,2:00
20141013,3:00
20141013,4:00
20141013,5:00
20141013,6:00
20141013,7:00
20141013,8:00
20141013,9:00
20141013,10:00
20141013,11:00
20141013,12:00
20141013,13:00
20141013,14:00
20141013,15:00
20141013,16:00
20141013,17:00
20141013,18:00
20141013,19:00
20141013,20:00
20141013,21:00
20141013,22:00
20141013,23:00
20141014,0:00
20141014,1:00
20141014,2:00
20141014,3:00
20141014,4:00
20141014,5:00
20141014,6:00
20141014,7:00
20141014,8:00
20141014,9:00
20141014,10:00
20141014,11:00
20141014,12:00
20141014,13:00
20141014,14:00
20141014,15:00
20141014,16:00
20141014,17:00
20141014,18:00
20141014,19:00
20141014,20:00
20141014,21:00
20141014,22:00
20141014,23:00
20141015,0:00
20141015,1:00
20141015,2:00
20141015,3:00
20141015,4:00
20141015,5:00
20141015,6:00
20141015,7:00
20141015,8:00
20141015,9:00
20141015,10:00
20141015,11:00
20141015,12:00
20141015,13:00
20141015,14:00
20141015,15:00
20141015,16:00
20141015,17:00
20141015,18:00
20141015,19:00
20141015,20:00
20141015,21:00
20141015,22:00
20141015,23:00
20141016,0:00
20141016,1:00
20141016,2:00
20141016,3:00
20141016,4:00
20141016,5:00
20141016,6:00
20141016,7:00
20141016,8:00
20141016,9:00
20141016,10:00
20141016,11:00
20141016,12:00
20141016,13:00
20141016,14:00
20141016,15:00
20141016,16:00
20141016,17:00
20141016,18:00
20141016,19:00
20141016,20:00
20141016,21:00
20141016,22:00
20141016,23:00
20141017,0:00
20141017,1:00
20141017,2:00
20141017,3:00
20141017,4:00
20141017,5:00
20141017,6:00
20141017,7:00
20141017,8:00
20141017,9:00
20141017,10:00
20141017,11:00
20141017,12:00
20141017,13:00
20141017,14:00
20141017,15:00
20141017,16:00
20141017,17:00
20141017,18:00
20141017,19:00
20141017,20:00
20141017,21:00
20141017,22:00
20141017,23:00
20141018,0:00
20141018,1:00
20141018,2:00
20141018,3:00
20141018,4:00
20141018,5:00
20141018,6:00
20141018,7:00
20141018,8:00
20141018,9:00
20141018,10:00
20141018,11:00
20141018,12:00
20141018,13:00
20141018,14:00
20141018,15:00
20141018,16:00
20141018,17:00
20141018,18:00
20141018,19:00
20141018,20:00
20141018,21:00
20141018,22:00
20141018,23:00
20141019,0:00
20141019,1:00
20141019,2:00
20141019,3:00
20141019,4:00
20141019,5:00
20141019,6:00
20141019,7:00
20141019,8:00
20141019,9:00
20141019,10:00
20141019,11:00
20141019,12:00
20141019,13:00
20141019,14:00
20141019,15:00
20141019,16:00
20141019,17:00
20141019,18:00
20141019,19:00
20141019,20:00
20141019,21:00
20141019,22:00
20141019,23:00
20141020,0:00
20141020,1:00
20141020,2:00
20141020,3:00
20141020,4:00
20141020,5:00
20141020,6:00
20141020,7:00
20141020,8:00
20141020,9:00
20141020,10:00
20141020,11:00
20141020,12:00
20141020,13:00
20141020,14:00
20141020,15:00
20141020,16:00
20141020,17:00
20141020,18:00
20141020,19:00
20141020,20:00
20141020,21:00
20141020,22:00
20141020,23:00
20141021,0:00
20141021,1:00
20141021,2:00
20141021,3:00
20141021,4:00
20141021,5:00
20141021,6:00
20141021,7:00
20141021,8:00
20141021,9:00
20141021,10:00
20141021,11:00
20141021,12:00
20141021,13:00
20141021,14:00
20141021,15:00
20141021,16:00
20141021,17:00
20141021,18:00
20141021,19:00
20141021,20:00
20141021,21:00
20141021,22:00
20141021,23:00
20141022,0:00
20141022,1:00
20141022,2:00
20141022,3:00
20141022,4:00
20141022,5:00
20141022,6:00
20141022,7:00
20141022,8:00
20141022,9:00
20141022,10:00
20141022,11:00
20141022,12:00
20141022,13:00
20141022,14:00
20141022,15:00
20141022,16:00
20141022,17:00
20141022,18:00
20141022,19:00
20141022,20:00
20141022,21:00
20141022,22:00
20141022,23:00
20141023,0:00
20141023,1:00
20141023,2:00
20141023,3:00
20141023,4:00
20141023,5:00
20141023,6:00
20141023,7:00
20141023,8:00
20141023,9:00
20141023,10:00
20141023,11:00
20141023,12:00
20141023,13:00
20141023,14:00
20141023,15:00
20141023,16:00
20141023,17:00
20141023,18:00
20141023,19:00
20141023,20:00
20141023,21:00
20141023,22:00
20141023,23:00
20141024,0:00
20141024,1:00
20141024,2:00
20141024,3:00
20141024,4:00
20141024,5:00
20141024,6:00
20141024,7:00
20141024,8:00
20141024,9:00
20141024,10:00
20141024,11:00
20141024,12:00
20141024,13:00
20141024,14:00
20141024,15:00
20141024,16:00
20141024,17:00
20141024,18:00
20141024,19:00
20141024,20:00
20141024,21:00
20141024,22:00
20141024,23:00
20141025,0:00
20141025,1:00
20141025,2:00
20141025,3:00
20141025,4:00
20141025,5:00
20141025,6:00
20141025,7:00
20141025,8:00
20141025,9:00
20141025,10:00
20141025,11:00
20141025,12:00
20141025,13:00
20141025,14:00
20141025,15:00
20141025,16:00
20141025,17:00
20141025,18:00
20141025,19:00
20141025,20:00
20141025,21:00
20141025,22:00
20141025,23:00
20141026,0:00
20141026,1:00
20141026,2:00
20141026,3:00
20141026,4:00
20141026,5:00
20141026,6:00
20141026,7:00
20141026,8:00
20141026,9:00
20141026,10:00
20141026,11:00
20141026,12:00
20141026,13:00
20141026,14:00
20141026,15:00
20141026,16:00
20141026,17:00
20141026,18:00
20141026,19:00
20141026,20:00
20141026,21:00
20141026,22:00
20141026,23:00
20141027,0:00
20141027,1:00
20141027,2:00
20141027,3:00
20141027,4:00
20141027,5:00
20141027,6:00
20141027,7:00
20141027,8:00
20141027,9:00
20141027,10:00
20141027,11:00
20141027,12:00
20141027,13:00
20141027,14:00
20141027,15:00
20141027,16:00
20141027,17:00
20141027,18:00
20141027,19:00
20141027,20:00
20141027,21:00
20141027,22:00
20141027,23:00
20141028,0:00
20141028,1:00
20141028,2:00
20141028,3:00
20141028,4:00
20141028,5:00
20141028,6:00
20141028,7:00
20141028,8:00
20141028,9:00
20141028,10:00
20141028,11:00
20141028,12:00
20141028,13:00
20141028,14:00
20141028,15:00
20141028,16:00
20141028,17:00
20141028,18:00
20141028,19:00
20141028,20:00
20141028,21:00
20141028,22:00
20141028,23:00
20141029,0:00
20141029,1:00
20141029,2:00
20141029,3:00
20141029,4:00
20141029,5:00
20141029,6:00
20141029,7:00
20141029,8:00
20141029,9:00
20141029,10:00
20141029,11:00
20141029,12:00
20141029,13:00
20141029,14:00
20141029,15:00
20141029,16:00
20141029,17:00
20141029,18:00
20141029,19:00
20141029,20:00
20141029,21:00
20141029,22:00
20141029,23:00
20141030,0:00
20141030,1:00
20141030,2:00
20141030,3:00
20141030,4:00
20141030,5:00
20141030,6:00
20141030,7:00
20141030,8:00
20141030,9:00
20141030,10:00
20141030,11:00
20141030,12:00
20141030,13:00
20141030,14:00
20141030,15:00
20141030,16:00
20141030,17:00
20141030,18:00
20141030,19:00
20141030,20:00
20141030,21:00
20141030,22:00
20141030,23:00
20141031,0:00
20141031,1:00
20141031,2:00
20141031,3:00
20141031,4:00
20141031,5:00
20141031,6:00
20141031,7:00
20141031,8:00
20141031,9:00
20141031,10:00
20141031,11:00
20141031,12:00
20141031,13:00
20141031,14:00
20141031,15:00
20141031,16:00
20141031,17:00
20141031,18:00
20141031,19:00
20141031,20:00
20141031,21:00
20141031,22:00
20141031,23:00
20141101,0:00
20141101,1:00
20141101,2:00
20141101,3:00
20141101,4:00
20141101,5:00
20141101,6:00
20141101,7:00
20141101,8:00
20141101,9:00
20141101,10:00
20141101,11:00
20141101,12:00
20141101,13:00
20141101,14:00
20141101,15:00
20141101,16:00
20141101,17:00
20141101,18:00
20141101,19:00
20141101,20:00
20141101,21:00
20141101,22:00
20141101,23:00
20141102,0:00
20141102,1:00
20141102,2:00
20141102,3:00
20141102,4:00
20141102,5:00
20141102,6:00
20141102,7:00
20141102,8:00
20141102,9:00
20141102,10:00
20141102,11:00
20141102,12:00
20141102,13:00
20141102,14:00
20141102,15:00
20141102,16:00
20141102,17:00
20141102,18:00
20141102,19:00
20141102,20:00
20141102,21:00
20141102,22:00
20141102,23:00
20141103,0:00
20141103,1:00
20141103,2:00
20141103,3:00
20141103,4:00
20141103,5:00
20141103,6:00
20141103,7:00
20141103,8:00
20141103,9:00
20141103,10:00
20141103,11:00
20141103,12:00
20141103,13:00
20141103,14:00
20141103,15:00
20141103,16:00
20141103,17:00
20141103,18:00
20141103,19:00
20141103,20:00
20141103,21:00
20141103,22:00
20141103,23:00
20141104,0:00
20141104,1:00
20141104,2:00
20141104,3:00
20141104,4:00
20141104,5:00
20141104,6:00
20141104,7:00
20141104,8:00
20141104,9:00
20141104,10:00
20141104,11:00
20141104,12:00
20141104,13:00
20141104,14:00
20141104,15:00
20141104,16:00
20141104,17:00
20141104,18:00
20141104,19:00
20141104,20:00
20141104,21:00
20141104,22:00
20141104,23:00
20141105,0:00
20141105,1:00
20141105,2:00
20141105,3:00
20141105,4:00
20141105,5:00
20141105,6:00
20141105,7:00
20141105,8:00
20141105,9:00
20141105,10:00
20141105,11:00
20141105,12:00
20141105,13:00
20141105,14:00
20141105,15:00
20141105,16:00
20141105,17:00
20141105,18:00
20141105,19:00
20141105,20:00
20141105,21:00
20141105,22:00
20141105,23:00
20141106,0:00
20141106,1:00
20141106,2:00
20141106,3:00
20141106,4:00
20141106,5:00
20141106,6:00
20141106,7:00
20141106,8:00
20141106,9:00
20141106,10:00
20141106,11:00
20141106,12:00
20141106,13:00
20141106,14:00
20141106,15:00
20141106,16:00
20141106,17:00
20141106,18:00
20141106,19:00
20141106,20:00
20141106,21:00
20141106,22:00
20141106,23:00
20141107,0:00
20141107,1:00
20141107,2:00
20141107,3:00
20141107,4:00
20141107,5:00
20141107,6:00
20141107,7:00
20141107,8:00
20141107,9:00
20141107,10:00
20141107,11:00
20141107,12:00
20141107,13:00
20141107,14:00
20141107,15:00
20141107,16:00
20141107,17:00
20141107,18:00
20141107,19:00
20141107,20:00
20141107,21:00
20141107,22:00
20141107,23:00
20141108,0:00
20141108,1:00
20141108,2:00
20141108,3:00
20141108,4:00
20141108,5:00
20141108,6:00
20141108,7:00
20141108,8:00
20141108,9:00
20141108,10:00
20141108,11:00
20141108,12:00
20141108,13:00
20141108,14:00
20141108,15:00
20141108,16:00
20141108,17:00
20141108,18:00
20141108,19:00
20141108,20:00
20141108,21:00
20141108,22:00
20141108,23:00
20141109,0:00
20141109,1:00
20141109,2:00
20141109,3:00
20141109,4:00
20141109,5:00
20141109,6:00
20141109,7:00
20141109,8:00
20141109,9:00
20141109,10:00
20141109,11:00
20141109,12:00
20141109,13:00
20141109,14:00
20141109,15:00
20141109,16:00
20141109,17:00
20141109,18:00
20141109,19:00
20141109,20:00
20141109,21:00
20141109,22:00
20141109,23:00
20141110,0:00
20141110,1:00
20141110,2:00
20141110,3:00
20141110,4:00
20141110,5:00
20141110,6:00
20141110,7:00
20141110,8:00
20141110,9:00
20141110,10:00
20141110,11:00
20141110,12:00
20141110,13:00
20141110,14:00
20141110,15:00
20141110,16:00
20141110,17:00
20141110,18:00
20141110,19:00
20141110,20:00
20141110,21:00
20141110,22:00
20141110,23:00
20141111,0:00
20141111,1:00
20141111,2:00
20141111,3:00
20141111,4:00
20141111,5:00
20141111,6:00
20141111,7:00
20141111,8:00
20141111,9:00
20141111,10:00
20141111,11:00
20141111,12:00
20141111,13:00
20141111,14:00
20141111,15:00
20141111,16:00
20141111,17:00
20141111,18:00
20141111,19:00
20141111,20:00
20141111,21:00
20141111,22:00
20141111,23:00
20141112,0:00
20141112,1:00
20141112,2:00
20141112,3:00
20141112,4:00
20141112,5:00
20141112,6:00
20141112,7:00
20141112,8:00
20141112,9:00
20141112,10:00
20141112,11:00
20141112,12:00
20141112,13:00
20141112,14:00
20141112,15:00
20141112,16:00
20141112,17:00
20141112,18:00
20141112,19:00
20141112,20:00
20141112,21:00
20141112,22:00
20141112,23:00
20141113,0:00
20141113,1:00
20141113,2:00
20141113,3:00
20141113,4:00
20141113,5:00
20141113,6:00
20141113,7:00
20141113,8:00
20141113,9:00
20141113,10:00
20141113,11:00
20141113,12:00
20141113,13:00
20141113,14:00
20141113,15:00
20141113,16:00
20141113,17:00
20141113,18:00
20141113,19:00
20141113,20:00
20141113,21:00
20141113,22:00
20141113,23:00
20141114,0:00
20141114,1:00
20141114,2:00
20141114,3:00
20141114,4:00
20141114,5:00
20141114,6:00
20141114,7:00
20141114,8:00
20141114,9:00
20141114,10:00
20141114,11:00
20141114,12:00
20141114,13:00
20141114,14:00
20141114,15:00
20141114,16:00
20141114,17:00
20141114,18:00
20141114,19:00
20141114,20:00
20141114,21:00
20141114,22:00
20141114,23:00
20141115,0:00
20141115,1:00
20141115,2:00
20141115,3:00
20141115,4:00
20141115,5:00
20141115,6:00
20141115,7:00
20141115,8:00
20141115,9:00
20141115,10:00
20141115,11:00
20141115,12:00
20141115,13:00
20141115,14:00
20141115,15:00
20141115,16:00
20141115,17:00
20141115,18:00
20141115,19:00
20141115,20:00
20141115,21:00
20141115,22:00
20141115,23:00
20141116,0:00
20141116,1:00
20141116,2:00
20141116,3:00
20141116,4:00
20141116,5:00
20141116,6:00
20141116,7:00
20141116,8:00
20141116,9:00
20141116,10:00
20141116,11:00
20141116,12:00
20141116,13:00
20141116,14:00
20141116,15:00
20141116,16:00
20141116,17:00
20141116,18:00
20141116,19:00
20141116,20:00
20141116,21:00
20141116,22:00
20141116,23:00
20141117,0:00
20141117,1:00
20141117,2:00
20141117,3:00
20141117,4:00
20141117,5:00
20141117,6:00
20141117,7:00
20141117,8:00
20141117,9:00
20141117,10:00
20141117,11:00
20141117,12:00
20141117,13:00
20141117,14:00
20141117,15:00
20141117,16:00
20141117,17:00
20141117,18:00
20141117,19:00
20141117,20:00
20141117,21:00
20141117,22:00
20141117,23:00
20141118,0:00
20141118,1:00
20141118,2:00
20141118,3:00
20141118,4:00
20141118,5:00
20141118,6:00
20141118,7:00
20141118,8:00
20141118,9:00
20141118,10:00
20141118,11:00
20141118,12:00
20141118,13:00
20141118,14:00
20141118,15:00
20141118,16:00
20141118,17:00
20141118,18:00
20141118,19:00
20141118,20:00
20141118,21:00
20141118,22:00
20141118,23:00
20141119,0:00
20141119,1:00
20141119,2:00
20141119,3:00
20141119,4:00
20141119,5:00
20141119,6:00
20141119,7:00
20141119,8:00
20141119,9:00
20141119,10:00
20141119,11:00
20141119,12:00
20141119,13:00
20141119,14:00
20141119,15:00
20141119,16:00
20141119,17:00
20141119,18:00
20141119,19:00
20141119,20:00
20141119,21:00
20141119,22:00
20141119,23:00
20141120,0:00
20141120,1:00
20141120,2:00
20141120,3:00
20141120,4:00
20141120,5:00
20141120,6:00
20141120,7:00
20141120,8:00
20141120,9:00
20141120,10:00
20141120,11:00
20141120,12:00
20141120,13:00
20141120,14:00
20141120,15:00
20141120,16:00
20141120,17:00
20141120,18:00
20141120,19:00
20141120,20:00
20141120,21:00
20141120,22:00
20141120,23:00
20141121,0:00
20141121,1:00
20141121,2:00
20141121,3:00
20141121,4:00
20141121,5:00
20141121,6:00
20141121,7:00
20141121,8:00
20141121,9:00
20141121,10:00
20141121,11:00
20141121,12:00
20141121,13:00
20141121,14:00
20141121,15:00
20141121,16:00
20141121,17:00
20141121,18:00
20141121,19:00
20141121,20:00
20141121,21:00
20141121,22:00
20141121,23:00
20141122,0:00
20141122,1:00
20141122,2:00
20141122,3:00
20141122,4:00
20141122,5:00
20141122,6:00
20141122,7:00
20141122,8:00
20141122,9:00
20141122,10:00
20141122,11:00
20141122,12:00
20141122,13:00
20141122,14:00
20141122,15:00
20141122,16:00
20141122,17:00
20141122,18:00
20141122,19:00
20141122,20:00
20141122,21:00
20141122,22:00
20141122,23:00
20141123,0:00
20141123,1:00
20141123,2:00
20141123,3:00
20141123,4:00
20141123,5:00
20141123,6:00
20141123,7:00
20141123,8:00
20141123,9:00
20141123,10:00
20141123,11:00
20141123,12:00
20141123,13:00
20141123,14:00
20141123,15:00
20141123,16:00
20141123,17:00
20141123,18:00
20141123,19:00
20141123,20:00
20141123,21:00
20141123,22:00
20141123,23:00
20141124,0:00
20141124,1:00
20141124,2:00
20141124,3:00
20141124,4:00
20141124,5:00
20141124,6:00
20141124,7:00
20141124,8:00
20141124,9:00
20141124,10:00
20141124,11:00
20141124,12:00
20141124,13:00
20141124,14:00
20141124,15:00
20141124,16:00
20141124,17:00
20141124,18:00
20141124,19:00
20141124,20:00
20141124,21:00
20141124,22:00
20141124,23:00
20141125,0:00
20141125,1:00
20141125,2:00
20141125,3:00
20141125,4:00
20141125,5:00
20141125,6:00
20141125,7:00
20141125,8:00
20141125,9:00
20141125,10:00
20141125,11:00
20141125,12:00
20141125,13:00
20141125,14:00
20141125,15:00
20141125,16:00
20141125,17:00
20141125,18:00
20141125,19:00
20141125,20:00
20141125,21:00
20141125,22:00
20141125,23:00
20141126,0:00
20141126,1:00
20141126,2:00
20141126,3:00
20141126,4:00
20141126,5:00
20141126,6:00
20141126,7:00
20141126,8:00
20141126,9:00
20141126,10:00
20141126,11:00
20141126,12:00
20141126,13:00
20141126,14:00
20141126,15:00
20141126,16:00
20141126,17:00
20141126,18:00
20141126,19:00
20141126,20:00
20141126,21:00
20141126,22:00
20141126,23:00
20141127,0:00
20141127,1:00
20141127,2:00
20141127,3:00
20141127,4:00
20141127,5:00
20141127,6:00
20141127,7:00
20141127,8:00
20141127,9:00
20141127,10:00
20141127,11:00
20141127,12:00
20141127,13:00
20141127,14:00
20141127,15:00
20141127,16:00
20141127,17:00
20141127,18:00
20141127,19:00
20141127,20:00
20141127,21:00
20141127,22:00
20141127,23:00
20141128,0:00
20141128,1:00
20141128,2:00
20141128,3:00
20141128,4:00
20141128,5:00
20141128,6:00
20141128,7:00
20141128,8:00
20141128,9:00
20141128,10:00
20141128,11:00
20141128,12:00
20141128,13:00
20141128,14:00
20141128,15:00
20141128,16:00
20141128,17:00
20141128,18:00
20141128,19:00
20141128,20:00
20141128,21:00
20141128,22:00
20141128,23:00
20141129,0:00
20141129,1:00
20141129,2:00
20141129,3:00
20141129,4:00
20141129,5:00
20141129,6:00
20141129,7:00
20141129,8:00
20141129,9:00
20141129,10:00
20141129,11:00
20141129,12:00
20141129,13:00
20141129,14:00
20141129,15:00
20141129,16:00
20141129,17:00
20141129,18:00
20141129,19:00
20141129,20:00
20141129,21:00
20141129,22:00
20141129,23:00
20141130,0:00
20141130,1:00
20141130,2:00
20141130,3:00
20141130,4:00
20141130,5:00
20141130,6:00
20141130,7:00
20141130,8:00
20141130,9:00
20141130,10:00
20141130,11:00
20141130,12:00
20141130,13:00
20141130,14:00
20141130,15:00
20141130,16:00
20141130,17:00
20141130,18:00
20141130,19:00
20141130,20:00
20141130,21:00
20141130,22:00
20141130,23:00
20141201,0:00
20141201,1:00
20141201,2:00
20141201,3:00
20141201,4:00
20141201,5:00
20141201,6:00
20141201,7:00
20141201,8:00
20141201,9:00
20141201,10:00
20141201,11:00
20141201,12:00
20141201,13:00
20141201,14:00
20141201,15:00
20141201,16:00
20141201,17:00
20141201,18:00
20141201,19:00
20141201,20:00
20141201,21:00
20141201,22:00
20141201,23:00
20141202,0:00
20141202,1:00
20141202,2:00
20141202,3:00
20141202,4:00
20141202,5:00
20141202,6:00
20141202,7:00
20141202,8:00
20141202,9:00
20141202,10:00
20141202,11:00
20141202,12:00
20141202,13:00
20141202,14:00
20141202,15:00
20141202,16:00
20141202,17:00
20141202,18:00
20141202,19:00
20141202,20:00
20141202,21:00
20141202,22:00
20141202,23:00
20141203,0:00
20141203,1:00
20141203,2:00
20141203,3:00
20141203,4:00
20141203,5:00
20141203,6:00
20141203,7:00
20141203,8:00
20141203,9:00
20141203,10:00
20141203,11:00
20141203,12:00
20141203,13:00
20141203,14:00
20141203,15:00
20141203,16:00
20141203,17:00
20141203,18:00
20141203,19:00
20141203,20:00
20141203,21:00
20141203,22:00
20141203,23:00
20141204,0:00
20141204,1:00
20141204,2:00
20141204,3:00
20141204,4:00
20141204,5:00
20141204,6:00
20141204,7:00
20141204,8:00
20141204,9:00
20141204,10:00
20141204,11:00
20141204,12:00
20141204,13:00
20141204,14:00
20141204,15:00
20141204,16:00
20141204,17:00
20141204,18:00
20141204,19:00
20141204,20:00
20141204,21:00
20141204,22:00
20141204,23:00
20141205,0:00
20141205,1:00
20141205,2:00
20141205,3:00
20141205,4:00
20141205,5:00
20141205,6:00
20141205,7:00
20141205,8:00
20141205,9:00
20141205,10:00
20141205,11:00
20141205,12:00
20141205,13:00
20141205,14:00
20141205,15:00
20141205,16:00
20141205,17:00
20141205,18:00
20141205,19:00
20141205,20:00
20141205,21:00
20141205,22:00
20141205,23:00
20141206,0:00
20141206,1:00
20141206,2:00
20141206,3:00
20141206,4:00
20141206,5:00
20141206,6:00
20141206,7:00
20141206,8:00
20141206,9:00
20141206,10:00
20141206,11:00
20141206,12:00
20141206,13:00
20141206,14:00
20141206,15:00
20141206,16:00
20141206,17:00
20141206,18:00
20141206,19:00
20141206,20:00
20141206,21:00
20141206,22:00
20141206,23:00
20141207,0:00
20141207,1:00
20141207,2:00
20141207,3:00
20141207,4:00
20141207,5:00
20141207,6:00
20141207,7:00
20141207,8:00
20141207,9:00
20141207,10:00
20141207,11:00
20141207,12:00
20141207,13:00
20141207,14:00
20141207,15:00
20141207,16:00
20141207,17:00
20141207,18:00
20141207,19:00
20141207,20:00
20141207,21:00
20141207,22:00
20141207,23:00
20141208,0:00
20141208,1:00
20141208,2:00
20141208,3:00
20141208,4:00
20141208,5:00
20141208,6:00
20141208,7:00
20141208,8:00
20141208,9:00
20141208,10:00
20141208,11:00
20141208,12:00
20141208,13:00
20141208,14:00
20141208,15:00
20141208,16:00
20141208,17:00
20141208,18:00
20141208,19:00
20141208,20:00
20141208,21:00
20141208,22:00
20141208,23:00
20141209,0:00
20141209,1:00
20141209,2:00
20141209,3:00
20141209,4:00
20141209,5:00
20141209,6:00
20141209,7:00
20141209,8:00
20141209,9:00
20141209,10:00
20141209,11:00
20141209,12:00
20141209,13:00
20141209,14:00
20141209,15:00
20141209,16:00
20141209,17:00
20141209,18:00
20141209,19:00
20141209,20:00
20141209,21:00
20141209,22:00
20141209,23:00
20141210,0:00
20141210,1:00
20141210,2:00
20141210,3:00
20141210,4:00
20141210,5:00
20141210,6:00
20141210,7:00
20141210,8:00
20141210,9:00
20141210,10:00
20141210,11:00
20141210,12:00
20141210,13:00
20141210,14:00
20141210,15:00
20141210,16:00
20141210,17:00
20141210,18:00
20141210,19:00
20141210,20:00
20141210,21:00
20141210,22:00
20141210,23:00
20141211,0:00
20141211,1:00
20141211,2:00
20141211,3:00
20141211,4:00
20141211,5:00
20141211,6:00
20141211,7:00
20141211,8:00
20141211,9:00
20141211,10:00
20141211,11:00
20141211,12:00
20141211,13:00
20141211,14:00
20141211,15:00
20141211,16:00
20141211,17:00
20141211,18:00
20141211,19:00
20141211,20:00
20141211,21:00
20141211,22:00
20141211,23:00
20141212,0:00
20141212,1:00
20141212,2:00
20141212,3:00
20141212,4:00
20141212,5:00
20141212,6:00
20141212,7:00
20141212,8:00
20141212,9:00
20141212,10:00
20141212,11:00
20141212,12:00
20141212,13:00
20141212,14:00
20141212,15:00
20141212,16:00
20141212,17:00
20141212,18:00
20141212,19:00
20141212,20:00
20141212,21:00
20141212,22:00
20141212,23:00
20141213,0:00
20141213,1:00
20141213,2:00
20141213,3:00
20141213,4:00
20141213,5:00
20141213,6:00
20141213,7:00
20141213,8:00
20141213,9:00
20141213,10:00
20141213,11:00
20141213,12:00
20141213,13:00
20141213,14:00
20141213,15:00
20141213,16:00
20141213,17:00
20141213,18:00
20141213,19:00
20141213,20:00
20141213,21:00
20141213,22:00
20141213,23:00
20141214,0:00
20141214,1:00
20141214,2:00
20141214,3:00
20141214,4:00
20141214,5:00
20141214,6:00
20141214,7:00
20141214,8:00
20141214,9:00
20141214,10:00
20141214,11:00
20141214,12:00
20141214,13:00
20141214,14:00
20141214,15:00
20141214,16:00
20141214,17:00
20141214,18:00
20141214,19:00
20141214,20:00
20141214,21:00
20141214,22:00
20141214,23:00
20141215,0:00
20141215,1:00
20141215,2:00
20141215,3:00
20141215,4:00
20141215,5:00
20141215,6:00
20141215,7:00
20141215,8:00
20141215,9:00
20141215,10:00
20141215,11:00
20141215,12:00
20141215,13:00
20141215,14:00
20141215,15:00
20141215,16:00
20141215,17:00
20141215,18:00
20141215,19:00
20141215,20:00
20141215,21:00
20141215,22:00
20141215,23:00
20141216,0:00
20141216,1:00
20141216,2:00
20141216,3:00
20141216,4:00
20141216,5:00
20141216,6:00
20141216,7:00
20141216,8:00
20141216,9:00
20141216,10:00
20141216,11:00
20141216,12:00
20141216,13:00
20141216,14:00
20141216,15:00
20141216,16:00
20141216,17:00
20141216,18:00
20141216,19:00
20141216,20:00
20141216,21:00
20141216,22:00
20141216,23:00
20141217,0:00
20141217,1:00
20141217,2:00
20141217,3:00
20141217,4:00
20141217,5:00
20141217,6:00
20141217,7:00
20141217,8:00
20141217,9:00
20141217,10:00
20141217,11:00
20141217,12:00
20141217,13:00
20141217,14:00
20141217,15:00
20141217,16:00
20141217,17:00
20141217,18:00
20141217,19:00
20141217,20:00
20141217,21:00
20141217,22:00
20141217,23:00
20141218,0:00
20141218,1:00
20141218,2:00
20141218,3:00
20141218,4:00
20141218,5:00
20141218,6:00
20141218,7:00
20141218,8:00
20141218,9:00
20141218,10:00
20141218,11:00
20141218,12:00
20141218,13:00
20141218,14:00
20141218,15:00
20141218,16:00
20141218,17:00
20141218,18:00
20141218,19:00
20141218,20:00
20141218,21:00
20141218,22:00
20141218,23:00
20141219,0:00
20141219,1:00
20141219,2:00
20141219,3:00
20141219,4:00
20141219,5:00
20141219,6:00
20141219,7:00
20141219,8:00
20141219,9:00
20141219,10:00
20141219,11:00
20141219,12:00
20141219,13:00
20141219,14:00
20141219,15:00
20141219,16:00
20141219,17:00
20141219,18:00
20141219,19:00
20141219,20:00
20141219,21:00
20141219,22:00
20141219,23:00
20141220,0:00
20141220,1:00
20141220,2:00
20141220,3:00
20141220,4:00
20141220,5:00
20141220,6:00
20141220,7:00
20141220,8:00
20141220,9:00
20141220,10:00
20141220,11:00
20141220,12:00
20141220,13:00
20141220,14:00
20141220,15:00
20141220,16:00
20141220,17:00
20141220,18:00
20141220,19:00
20141220,20:00
20141220,21:00
20141220,22:00
20141220,23:00
20141221,0:00
20141221,1:00
20141221,2:00
20141221,3:00
20141221,4:00
20141221,5:00
20141221,6:00
20141221,7:00
20141221,8:00
20141221,9:00
20141221,10:00
20141221,11:00
20141221,12:00
20141221,13:00
20141221,14:00
20141221,15:00
20141221,16:00
20141221,17:00
20141221,18:00
20141221,19:00
20141221,20:00
20141221,21:00
20141221,22:00
20141221,23:00
20141222,0:00
20141222,1:00
20141222,2:00
20141222,3:00
20141222,4:00
20141222,5:00
20141222,6:00
20141222,7:00
20141222,8:00
20141222,9:00
20141222,10:00
20141222,11:00
20141222,12:00
20141222,13:00
20141222,14:00
20141222,15:00
20141222,16:00
20141222,17:00
20141222,18:00
20141222,19:00
20141222,20:00
20141222,21:00
20141222,22:00
20141222,23:00
20141223,0:00
20141223,1:00
20141223,2:00
20141223,3:00
20141223,4:00
20141223,5:00
20141223,6:00
20141223,7:00
20141223,8:00
20141223,9:00
20141223,10:00
20141223,11:00
20141223,12:00
20141223,13:00
20141223,14:00
20141223,15:00
20141223,16:00
20141223,17:00
20141223,18:00
20141223,19:00
20141223,20:00
20141223,21:00
20141223,22:00
20141223,23:00
20141224,0:00
20141224,1:00
20141224,2:00
20141224,3:00
20141224,4:00
20141224,5:00
20141224,6:00
20141224,7:00
20141224,8:00
20141224,9:00
20141224,10:00
20141224,11:00
20141224,12:00
20141224,13:00
20141224,14:00
20141224,15:00
20141224,16:00
20141224,17:00
20141224,18:00
20141224,19:00
20141224,20:00
20141224,21:00
20141224,22:00
20141224,23:00
20141225,0:00
20141225,1:00
20141225,2:00
20141225,3:00
20141225,4:00
20141225,5:00
20141225,6:00
20141225,7:00
20141225,8:00
20141225,9:00
20141225,10:00
20141225,11:00
20141225,12:00
20141225,13:00
20141225,14:00
20141225,15:00
20141225,16:00
20141225,17:00
20141225,18:00
20141225,19:00
20141225,20:00
20141225,21:00
20141225,22:00
20141225,23:00
20141226,0:00
20141226,1:00
20141226,2:00
20141226,3:00
20141226,4:00
20141226,5:00
20141226,6:00
20141226,7:00
20141226,8:00
20141226,9:00
20141226,10:00
20141226,11:00
20141226,12:00
20141226,13:00
20141226,14:00
20141226,15:00
20141226,16:00
20141226,17:00
20141226,18:00
20141226,19:00
20141226,20:00
20141226,21:00
20141226,22:00
20141226,23:00
20141227,0:00
20141227,1:00
20141227,2:00
20141227,3:00
20141227,4:00
20141227,5:00
20141227,6:00
20141227,7:00
20141227,8:00
20141227,9:00
20141227,10:00
20141227,11:00
20141227,12:00
20141227,13:00
20141227,14:00
20141227,15:00
20141227,16:00
20141227,17:00
20141227,18:00
20141227,19:00
20141227,20:00
20141227,21:00
20141227,22:00
20141227,23:00
20141228,0:00
20141228,1:00
20141228,2:00
20141228,3:00
20141228,4:00
20141228,5:00
20141228,6:00
20141228,7:00
20141228,8:00
20141228,9:00
20141228,10:00
20141228,11:00
20141228,12:00
20141228,13:00
20141228,14:00
20141228,15:00
20141228,16:00
20141228,17:00
20141228,18:00
20141228,19:00
20141228,20:00
20141228,21:00
20141228,22:00
20141228,23:00
20141229,0:00
20141229,1:00
20141229,2:00
20141229,3:00
20141229,4:00
20141229,5:00
20141229,6:00
20141229,7:00
20141229,8:00
20141229,9:00
20141229,10:00
20141229,11:00
20141229,12:00
20141229,13:00
20141229,14:00
20141229,15:00
20141229,16:00
20141229,17:00
20141229,18:00
20141229,19:00
20141229,20:00
20141229,21:00
20141229,22:00
20141229,23:00
20141230,0:00
20141230,1:00
20141230,2:00
20141230,3:00
20141230,4:00
20141230,5:00
20141230,6:00
20141230,7:00
20141230,8:00
20141230,9:00
20141230,10:00
20141230,11:00
20141230,12:00
20141230,13:00
20141230,14:00
20141230,15:00
20141230,16:00
20141230,17:00
20141230,18:00
20141230,19:00
20141230,20:00
20141230,21:00
20141230,22:00
20141230,23:00
20141231,0:00
20141231,1:00
20141231,2:00
20141231,3:00
20141231,4:00
20141231,5:00
20141231,6:00
20141231,7:00
20141231,8:00
20141231,9:00
20141231,10:00
20141231,11:00
20141231,12:00
20141231,13:00
20141231,14:00
20141231,15:00
20141231,16:00
20141231,17:00
20141231,18:00
20141231,19:00
20141231,20:00
20141231,21:00
20141231,22:00
20141231,23:00
20150101,0:00
20150101,1:00
20150101,2:00
20150101,3:00
20150101,4:00
20150101,5:00
20150101,6:00
20150101,7:00
20150101,8:00
20150101,9:00
20150101,10:00
20150101,11:00
20150101,12:00
20150101,13:00
20150101,14:00
20150101,15:00
20150101,16:00
20150101,17:00
20150101,18:00
20150101,19:00
20150101,20:00
20150101,21:00
20150101,22:00
20150101,23:00
20150102,0:00
20150102,1:00
20150102,2:00
20150102,3:00
20150102,4:00
20150102,5:00
20150102,6:00
20150102,7:00
20150102,8:00
20150102,9:00
20150102,10:00
20150102,11:00
20150102,12:00
20150102,13:00
20150102,14:00
20150102,15:00
20150102,16:00
20150102,17:00
20150102,18:00
20150102,19:00
20150102,20:00
20150102,21:00
20150102,22:00
20150102,23:00
20150103,0:00
20150103,1:00
20150103,2:00
20150103,3:00
20150103,4:00
20150103,5:00
20150103,6:00
20150103,7:00
20150103,8:00
20150103,9:00
20150103,10:00
20150103,11:00
20150103,12:00
20150103,13:00
20150103,14:00
20150103,15:00
20150103,16:00
20150103,17:00
20150103,18:00
20150103,19:00
20150103,20:00
20150103,21:00
20150103,22:00
20150103,23:00
20150104,0:00
20150104,1:00
20150104,2:00
20150104,3:00
20150104,4:00
20150104,5:00
20150104,6:00
20150104,7:00
20150104,8:00
20150104,9:00
20150104,10:00
20150104,11:00
20150104,12:00
20150104,13:00
20150104,14:00
20150104,15:00
20150104,16:00
20150104,17:00
20150104,18:00
20150104,19:00
20150104,20:00
20150104,21:00
20150104,22:00
20150104,23:00
20150105,0:00
20150105,1:00
20150105,2:00
20150105,3:00
20150105,4:00
20150105,5:00
20150105,6:00
20150105,7:00
20150105,8:00
20150105,9:00
20150105,10:00
20150105,11:00
20150105,12:00
20150105,13:00
20150105,14:00
20150105,15:00
20150105,16:00
20150105,17:00
20150105,18:00
20150105,19:00
20150105,20:00
20150105,21:00
20150105,22:00
20150105,23:00
20150106,0:00
20150106,1:00
20150106,2:00
20150106,3:00
20150106,4:00
20150106,5:00
20150106,6:00
20150106,7:00
20150106,8:00
20150106,9:00
20150106,10:00
20150106,11:00
20150106,12:00
20150106,13:00
20150106,14:00
20150106,15:00
20150106,16:00
20150106,17:00
20150106,18:00
20150106,19:00
20150106,20:00
20150106,21:00
20150106,22:00
20150106,23:00
20150107,0:00
20150107,1:00
20150107,2:00
20150107,3:00
20150107,4:00
20150107,5:00
20150107,6:00
20150107,7:00
20150107,8:00
20150107,9:00
20150107,10:00
20150107,11:00
20150107,12:00
20150107,13:00
20150107,14:00
20150107,15:00
20150107,16:00
20150107,17:00
20150107,18:00
20150107,19:00
20150107,20:00
20150107,21:00
20150107,22:00
20150107,23:00
20150108,0:00
20150108,1:00
20150108,2:00
20150108,3:00
20150108,4:00
20150108,5:00
20150108,6:00
20150108,7:00
20150108,8:00
20150108,9:00
20150108,10:00
20150108,11:00
20150108,12:00
20150108,13:00
20150108,14:00
20150108,15:00
20150108,16:00
20150108,17:00
20150108,18:00
20150108,19:00
20150108,20:00
20150108,21:00
20150108,22:00
20150108,23:00
20150109,0:00
20150109,1:00
20150109,2:00
20150109,3:00
20150109,4:00
20150109,5:00
20150109,6:00
20150109,7:00
20150109,8:00
20150109,9:00
20150109,10:00
20150109,11:00
20150109,12:00
20150109,13:00
20150109,14:00
20150109,15:00
20150109,16:00
20150109,17:00
20150109,18:00
20150109,19:00
20150109,20:00
20150109,21:00
20150109,22:00
20150109,23:00
20150110,0:00
20150110,1:00
20150110,2:00
20150110,3:00
20150110,4:00
20150110,5:00
20150110,6:00
20150110,7:00
20150110,8:00
20150110,9:00
20150110,10:00
20150110,11:00
20150110,12:00
20150110,13:00
20150110,14:00
20150110,15:00
20150110,16:00
20150110,17:00
20150110,18:00
20150110,19:00
20150110,20:00
20150110,21:00
20150110,22:00
20150110,23:00
20150111,0:00
20150111,1:00
20150111,2:00
20150111,3:00
20150111,4:00
20150111,5:00
20150111,6:00
20150111,7:00
20150111,8:00
20150111,9:00
20150111,10:00
20150111,11:00
20150111,12:00
20150111,13:00
20150111,14:00
20150111,15:00
20150111,16:00
20150111,17:00
20150111,18:00
20150111,19:00
20150111,20:00
20150111,21:00
20150111,22:00
20150111,23:00
20150112,0:00
20150112,1:00
20150112,2:00
20150112,3:00
20150112,4:00
20150112,5:00
20150112,6:00
20150112,7:00
20150112,8:00
20150112,9:00
20150112,10:00
20150112,11:00
20150112,12:00
20150112,13:00
20150112,14:00
20150112,15:00
20150112,16:00
20150112,17:00
20150112,18:00
20150112,19:00
20150112,20:00
20150112,21:00
20150112,22:00
20150112,23:00
20150113,0:00
20150113,1:00
20150113,2:00
20150113,3:00
20150113,4:00
20150113,5:00
20150113,6:00
20150113,7:00
20150113,8:00
20150113,9:00
20150113,10:00
20150113,11:00
20150113,12:00
20150113,13:00
20150113,14:00
20150113,15:00
20150113,16:00
20150113,17:00
20150113,18:00
20150113,19:00
20150113,20:00
20150113,21:00
20150113,22:00
20150113,23:00
20150114,0:00
20150114,1:00
20150114,2:00
20150114,3:00
20150114,4:00
20150114,5:00
20150114,6:00
20150114,7:00
20150114,8:00
20150114,9:00
20150114,10:00
20150114,11:00
20150114,12:00
20150114,13:00
20150114,14:00
20150114,15:00
20150114,16:00
20150114,17:00
20150114,18:00
20150114,19:00
20150114,20:00
20150114,21:00
20150114,22:00
20150114,23:00
20150115,0:00
20150115,1:00
20150115,2:00
20150115,3:00
20150115,4:00
20150115,5:00
20150115,6:00
20150115,7:00
20150115,8:00
20150115,9:00
20150115,10:00
20150115,11:00
20150115,12:00
20150115,13:00
20150115,14:00
20150115,15:00
20150115,16:00
20150115,17:00
20150115,18:00
20150115,19:00
20150115,20:00
20150115,21:00
20150115,22:00
20150115,23:00
20150116,0:00
20150116,1:00
20150116,2:00
20150116,3:00
20150116,4:00
20150116,5:00
20150116,6:00
20150116,7:00
20150116,8:00
20150116,9:00
20150116,10:00
20150116,11:00
20150116,12:00
20150116,13:00
20150116,14:00
20150116,15:00
20150116,16:00
20150116,17:00
20150116,18:00
20150116,19:00
20150116,20:00
20150116,21:00
20150116,22:00
20150116,23:00
20150117,0:00
20150117,1:00
20150117,2:00
20150117,3:00
20150117,4:00
20150117,5:00
20150117,6:00
20150117,7:00
20150117,8:00
20150117,9:00
20150117,10:00
20150117,11:00
20150117,12:00
20150117,13:00
20150117,14:00
20150117,15:00
20150117,16:00
20150117,17:00
20150117,18:00
20150117,19:00
20150117,20:00
20150117,21:00
20150117,22:00
20150117,23:00
20150118,0:00
20150118,1:00
20150118,2:00
20150118,3:00
20150118,4:00
20150118,5:00
20150118,6:00
20150118,7:00
20150118,8:00
20150118,9:00
20150118,10:00
20150118,11:00
20150118,12:00
20150118,13:00
20150118,14:00
20150118,15:00
20150118,16:00
20150118,17:00
20150118,18:00
20150118,19:00
20150118,20:00
20150118,21:00
20150118,22:00
20150118,23:00
20150119,0:00
20150119,1:00
20150119,2:00
20150119,3:00
20150119,4:00
20150119,5:00
20150119,6:00
20150119,7:00
20150119,8:00
20150119,9:00
20150119,10:00
20150119,11:00
20150119,12:00
20150119,13:00
20150119,14:00
20150119,15:00
20150119,16:00
20150119,17:00
20150119,18:00
20150119,19:00
20150119,20:00
20150119,21:00
20150119,22:00
20150119,23:00
20150120,0:00
20150120,1:00
20150120,2:00
20150120,3:00
20150120,4:00
20150120,5:00
20150120,6:00
20150120,7:00
20150120,8:00
20150120,9:00
20150120,10:00
20150120,11:00
20150120,12:00
20150120,13:00
20150120,14:00
20150120,15:00
20150120,16:00
20150120,17:00
20150120,18:00
20150120,19:00
20150120,20:00
20150120,21:00
20150120,22:00
20150120,23:00
20150121,0:00
20150121,1:00
20150121,2:00
20150121,3:00
20150121,4:00
20150121,5:00
20150121,6:00
20150121,7:00
20150121,8:00
20150121,9:00
20150121,10:00
20150121,11:00
20150121,12:00
20150121,13:00
20150121,14:00
20150121,15:00
20150121,16:00
20150121,17:00
20150121,18:00
20150121,19:00
20150121,20:00
20150121,21:00
20150121,22:00
20150121,23:00
20150122,0:00
20150122,1:00
20150122,2:00
20150122,3:00
20150122,4:00
20150122,5:00
20150122,6:00
20150122,7:00
20150122,8:00
20150122,9:00
20150122,10:00
20150122,11:00
20150122,12:00
20150122,13:00
20150122,14:00
20150122,15:00
20150122,16:00
20150122,17:00
20150122,18:00
20150122,19:00
20150122,20:00
20150122,21:00
20150122,22:00
20150122,23:00
20150123,0:00
20150123,1:00
20150123,2:00
20150123,3:00
20150123,4:00
20150123,5:00
20150123,6:00
20150123,7:00
20150123,8:00
20150123,9:00
20150123,10:00
20150123,11:00
20150123,12:00
20150123,13:00
20150123,14:00
20150123,15:00
20150123,16:00
20150123,17:00
20150123,18:00
20150123,19:00
20150123,20:00
20150123,21:00
20150123,22:00
20150123,23:00
20150124,0:00
20150124,1:00
20150124,2:00
20150124,3:00
20150124,4:00
20150124,5:00
20150124,6:00
20150124,7:00
20150124,8:00
20150124,9:00
20150124,10:00
20150124,11:00
20150124,12:00
20150124,13:00
20150124,14:00
20150124,15:00
20150124,16:00
20150124,17:00
20150124,18:00
20150124,19:00
20150124,20:00
20150124,21:00
20150124,22:00
20150124,23:00
20150125,0:00
20150125,1:00
20150125,2:00
20150125,3:00
20150125,4:00
20150125,5:00
20150125,6:00
20150125,7:00
20150125,8:00
20150125,9:00
20150125,10:00
20150125,11:00
20150125,12:00
20150125,13:00
20150125,14:00
20150125,15:00
20150125,16:00
20150125,17:00
20150125,18:00
20150125,19:00
20150125,20:00
20150125,21:00
20150125,22:00
20150125,23:00
20150126,0:00
20150126,1:00
20150126,2:00
20150126,3:00
20150126,4:00
20150126,5:00
20150126,6:00
20150126,7:00
20150126,8:00
20150126,9:00
20150126,10:00
20150126,11:00
20150126,12:00
20150126,13:00
20150126,14:00
20150126,15:00
20150126,16:00
20150126,17:00
20150126,18:00
20150126,19:00
20150126,20:00
20150126,21:00
20150126,22:00
20150126,23:00
20150127,0:00
20150127,1:00
20150127,2:00
20150127,3:00
20150127,4:00
20150127,5:00
20150127,6:00
20150127,7:00
20150127,8:00
20150127,9:00
20150127,10:00
20150127,11:00
20150127,12:00
20150127,13:00
20150127,14:00
20150127,15:00
20150127,16:00
20150127,17:00
20150127,18:00
20150127,19:00
20150127,20:00
20150127,21:00
20150127,22:00
20150127,23:00
20150128,0:00
20150128,1:00
20150128,2:00
20150128,3:00
20150128,4:00
20150128,5:00
20150128,6:00
20150128,7:00
20150128,8:00
20150128,9:00
20150128,10:00
20150128,11:00
20150128,12:00
20150128,13:00
20150128,14:00
20150128,15:00
20150128,16:00
20150128,17:00
20150128,18:00
20150128,19:00
20150128,20:00
20150128,21:00
20150128,22:00
20150128,23:00
20150129,0:00
20150129,1:00
20150129,2:00
20150129,3:00
20150129,4:00
20150129,5:00
20150129,6:00
20150129,7:00
20150129,8:00
20150129,9:00
20150129,10:00
20150129,11:00
20150129,12:00
20150129,13:00
20150129,14:00
20150129,15:00
20150129,16:00
20150129,17:00
20150129,18:00
20150129,19:00
20150129,20:00
20150129,21:00
20150129,22:00
20150129,23:00
20150130,0:00
20150130,1:00
20150130,2:00
20150130,3:00
20150130,4:00
20150130,5:00
20150130,6:00
20150130,7:00
20150130,8:00
20150130,9:00
20150130,10:00
20150130,11:00
20150130,12:00
20150130,13:00
20150130,14:00
20150130,15:00
20150130,16:00
20150130,17:00
20150130,18:00
20150130,19:00
20150130,20:00
20150130,21:00
20150130,22:00
20150130,23:00
20150131,0:00
20150131,1:00
20150131,2:00
20150131,3:00
20150131,4:00
20150131,5:00
20150131,6:00
20150131,7:00
20150131,8:00
20150131,9:00
20150131,10:00
20150131,11:00
20150131,12:00
20150131,13:00
20150131,14:00
20150131,15:00
20150131,16:00
20150131,17:00
20150131,18:00
20150131,19:00
20150131,20:00
20150131,21:00
20150131,22:00
20150131,23:00
20150201,0:00
20150201,1:00
20150201,2:00
20150201,3:00
20150201,4:00
20150201,5:00
20150201,6:00
20150201,7:00
20150201,8:00
20150201,9:00
20150201,10:00
20150201,11:00
20150201,12:00
20150201,13:00
20150201,14:00
20150201,15:00
20150201,16:00
20150201,17:00
20150201,18:00
20150201,19:00
20150201,20:00
20150201,21:00
20150201,22:00
20150201,23:00
20150202,0:00
20150202,1:00
20150202,2:00
20150202,3:00
20150202,4:00
20150202,5:00
20150202,6:00
20150202,7:00
20150202,8:00
20150202,9:00
20150202,10:00
20150202,11:00
20150202,12:00
20150202,13:00
20150202,14:00
20150202,15:00
20150202,16:00
20150202,17:00
20150202,18:00
20150202,19:00
20150202,20:00
20150202,21:00
20150202,22:00
20150202,23:00
20150203,0:00
20150203,1:00
20150203,2:00
20150203,3:00
20150203,4:00
20150203,5:00
20150203,6:00
20150203,7:00
20150203,8:00
20150203,9:00
20150203,10:00
20150203,11:00
20150203,12:00
20150203,13:00
20150203,14:00
20150203,15:00
20150203,16:00
20150203,17:00
20150203,18:00
20150203,19:00
20150203,20:00
20150203,21:00
20150203,22:00
20150203,23:00
20150204,0:00
20150204,1:00
20150204,2:00
20150204,3:00
20150204,4:00
20150204,5:00
20150204,6:00
20150204,7:00
20150204,8:00
20150204,9:00
20150204,10:00
20150204,11:00
20150204,12:00
20150204,13:00
20150204,14:00
20150204,15:00
20150204,16:00
20150204,17:00
20150204,18:00
20150204,19:00
20150204,20:00
20150204,21:00
20150204,22:00
20150204,23:00
20150205,0:00
20150205,1:00
20150205,2:00
20150205,3:00
20150205,4:00
20150205,5:00
20150205,6:00
20150205,7:00
20150205,8:00
20150205,9:00
20150205,10:00
20150205,11:00
20150205,12:00
20150205,13:00
20150205,14:00
20150205,15:00
20150205,16:00
20150205,17:00
20150205,18:00
20150205,19:00
20150205,20:00
20150205,21:00
20150205,22:00
20150205,23:00
20150206,0:00
20150206,1:00
20150206,2:00
20150206,3:00
20150206,4:00
20150206,5:00
20150206,6:00
20150206,7:00
20150206,8:00
20150206,9:00
20150206,10:00
20150206,11:00
20150206,12:00
20150206,13:00
20150206,14:00
20150206,15:00
20150206,16:00
20150206,17:00
20150206,18:00
20150206,19:00
20150206,20:00
20150206,21:00
20150206,22:00
20150206,23:00
20150207,0:00
20150207,1:00
20150207,2:00
20150207,3:00
20150207,4:00
20150207,5:00
20150207,6:00
20150207,7:00
20150207,8:00
20150207,9:00
20150207,10:00
20150207,11:00
20150207,12:00
20150207,13:00
20150207,14:00
20150207,15:00
20150207,16:00
20150207,17:00
20150207,18:00
20150207,19:00
20150207,20:00
20150207,21:00
20150207,22:00
20150207,23:00
20150208,0:00
20150208,1:00
20150208,2:00
20150208,3:00
20150208,4:00
20150208,5:00
20150208,6:00
20150208,7:00
20150208,8:00
20150208,9:00
20150208,10:00
20150208,11:00
20150208,12:00
20150208,13:00
20150208,14:00
20150208,15:00
20150208,16:00
20150208,17:00
20150208,18:00
20150208,19:00
20150208,20:00
20150208,21:00
20150208,22:00
20150208,23:00
20150209,0:00
20150209,1:00
20150209,2:00
20150209,3:00
20150209,4:00
20150209,5:00
20150209,6:00
20150209,7:00
20150209,8:00
20150209,9:00
20150209,10:00
20150209,11:00
20150209,12:00
20150209,13:00
20150209,14:00
20150209,15:00
20150209,16:00
20150209,17:00
20150209,18:00
20150209,19:00
20150209,20:00
20150209,21:00
20150209,22:00
20150209,23:00
20150210,0:00
20150210,1:00
20150210,2:00
20150210,3:00
20150210,4:00
20150210,5:00
20150210,6:00
20150210,7:00
20150210,8:00
20150210,9:00
20150210,10:00
20150210,11:00
20150210,12:00
20150210,13:00
20150210,14:00
20150210,15:00
20150210,16:00
20150210,17:00
20150210,18:00
20150210,19:00
20150210,20:00
20150210,21:00
20150210,22:00
20150210,23:00
20150211,0:00
20150211,1:00
20150211,2:00
20150211,3:00
20150211,4:00
20150211,5:00
20150211,6:00
20150211,7:00
20150211,8:00
20150211,9:00
20150211,10:00
20150211,11:00
20150211,12:00
20150211,13:00
20150211,14:00
20150211,15:00
20150211,16:00
20150211,17:00
20150211,18:00
20150211,19:00
20150211,20:00
20150211,21:00
20150211,22:00
20150211,23:00
20150212,0:00
20150212,1:00
20150212,2:00
20150212,3:00
20150212,4:00
20150212,5:00
20150212,6:00
20150212,7:00
20150212,8:00
20150212,9:00
20150212,10:00
20150212,11:00
20150212,12:00
20150212,13:00
20150212,14:00
20150212,15:00
20150212,16:00
20150212,17:00
20150212,18:00
20150212,19:00
20150212,20:00
20150212,21:00
20150212,22:00
20150212,23:00
20150213,0:00
20150213,1:00
20150213,2:00
20150213,3:00
20150213,4:00
20150213,5:00
20150213,6:00
20150213,7:00
20150213,8:00
20150213,9:00
20150213,10:00
20150213,11:00
20150213,12:00
20150213,13:00
20150213,14:00
20150213,15:00
20150213,16:00
20150213,17:00
20150213,18:00
20150213,19:00
20150213,20:00
20150213,21:00
20150213,22:00
20150213,23:00
20150214,0:00
20150214,1:00
20150214,2:00
20150214,3:00
20150214,4:00
20150214,5:00
20150214,6:00
20150214,7:00
20150214,8:00
20150214,9:00
20150214,10:00
20150214,11:00
20150214,12:00
20150214,13:00
20150214,14:00
20150214,15:00
20150214,16:00
20150214,17:00
20150214,18:00
20150214,19:00
20150214,20:00
20150214,21:00
20150214,22:00
20150214,23:00
20150215,0:00
20150215,1:00
20150215,2:00
20150215,3:00
20150215,4:00
20150215,5:00
20150215,6:00
20150215,7:00
20150215,8:00
20150215,9:00
20150215,10:00
20150215,11:00
20150215,12:00
20150215,13:00
20150215,14:00
20150215,15:00
20150215,16:00
20150215,17:00
20150215,18:00
20150215,19:00
20150215,20:00
20150215,21:00
20150215,22:00
20150215,23:00
20150216,0:00
20150216,1:00
20150216,2:00
20150216,3:00
20150216,4:00
20150216,5:00
20150216,6:00
20150216,7:00
20150216,8:00
20150216,9:00
20150216,10:00
20150216,11:00
20150216,12:00
20150216,13:00
20150216,14:00
20150216,15:00
20150216,16:00
20150216,17:00
20150216,18:00
20150216,19:00
20150216,20:00
20150216,21:00
20150216,22:00
20150216,23:00
20150217,0:00
20150217,1:00
20150217,2:00
20150217,3:00
20150217,4:00
20150217,5:00
20150217,6:00
20150217,7:00
20150217,8:00
20150217,9:00
20150217,10:00
20150217,11:00
20150217,12:00
20150217,13:00
20150217,14:00
20150217,15:00
20150217,16:00
20150217,17:00
20150217,18:00
20150217,19:00
20150217,20:00
20150217,21:00
20150217,22:00
20150217,23:00
20150218,0:00
20150218,1:00
20150218,2:00
20150218,3:00
20150218,4:00
20150218,5:00
20150218,6:00
20150218,7:00
20150218,8:00
20150218,9:00
20150218,10:00
20150218,11:00
20150218,12:00
20150218,13:00
20150218,14:00
20150218,15:00
20150218,16:00
20150218,17:00
20150218,18:00
20150218,19:00
20150218,20:00
20150218,21:00
20150218,22:00
20150218,23:00
20150219,0:00
20150219,1:00
20150219,2:00
20150219,3:00
20150219,4:00
20150219,5:00
20150219,6:00
20150219,7:00
20150219,8:00
20150219,9:00
20150219,10:00
20150219,11:00
20150219,12:00
20150219,13:00
20150219,14:00
20150219,15:00
20150219,16:00
20150219,17:00
20150219,18:00
20150219,19:00
20150219,20:00
20150219,21:00
20150219,22:00
20150219,23:00
20150220,0:00
20150220,1:00
20150220,2:00
20150220,3:00
20150220,4:00
20150220,5:00
20150220,6:00
20150220,7:00
20150220,8:00
20150220,9:00
20150220,10:00
20150220,11:00
20150220,12:00
20150220,13:00
20150220,14:00
20150220,15:00
20150220,16:00
20150220,17:00
20150220,18:00
20150220,19:00
20150220,20:00
20150220,21:00
20150220,22:00
20150220,23:00
20150221,0:00
20150221,1:00
20150221,2:00
20150221,3:00
20150221,4:00
20150221,5:00
20150221,6:00
20150221,7:00
20150221,8:00
20150221,9:00
20150221,10:00
20150221,11:00
20150221,12:00
20150221,13:00
20150221,14:00
20150221,15:00
20150221,16:00
20150221,17:00
20150221,18:00
20150221,19:00
20150221,20:00
20150221,21:00
20150221,22:00
20150221,23:00
20150222,0:00
20150222,1:00
20150222,2:00
20150222,3:00
20150222,4:00
20150222,5:00
20150222,6:00
20150222,7:00
20150222,8:00
20150222,9:00
20150222,10:00
20150222,11:00
20150222,12:00
20150222,13:00
20150222,14:00
20150222,15:00
20150222,16:00
20150222,17:00
20150222,18:00
20150222,19:00
20150222,20:00
20150222,21:00
20150222,22:00
20150222,23:00
20150223,0:00
20150223,1:00
20150223,2:00
20150223,3:00
20150223,4:00
20150223,5:00
20150223,6:00
20150223,7:00
20150223,8:00
20150223,9:00
20150223,10:00
20150223,11:00
20150223,12:00
20150223,13:00
20150223,14:00
20150223,15:00
20150223,16:00
20150223,17:00
20150223,18:00
20150223,19:00
20150223,20:00
20150223,21:00
20150223,22:00
20150223,23:00
20150224,0:00
20150224,1:00
20150224,2:00
20150224,3:00
20150224,4:00
20150224,5:00
20150224,6:00
20150224,7:00
20150224,8:00
20150224,9:00
20150224,10:00
20150224,11:00
20150224,12:00
20150224,13:00
20150224,14:00
20150224,15:00
20150224,16:00
20150224,17:00
20150224,18:00
20150224,19:00
20150224,20:00
20150224,21:00
20150224,22:00
20150224,23:00
20150225,0:00
20150225,1:00
20150225,2:00
20150225,3:00
20150225,4:00
20150225,5:00
20150225,6:00
20150225,7:00
20150225,8:00
20150225,9:00
20150225,10:00
20150225,11:00
20150225,12:00
20150225,13:00
20150225,14:00
20150225,15:00
20150225,16:00
20150225,17:00
20150225,18:00
20150225,19:00
20150225,20:00
20150225,21:00
20150225,22:00
20150225,23:00
20150226,0:00
20150226,1:00
20150226,2:00
20150226,3:00
20150226,4:00
20150226,5:00
20150226,6:00
20150226,7:00
20150226,8:00
20150226,9:00
20150226,10:00
20150226,11:00
20150226,12:00
20150226,13:00
20150226,14:00
20150226,15:00
20150226,16:00
20150226,17:00
20150226,18:00
20150226,19:00
20150226,20:00
20150226,21:00
20150226,22:00
20150226,23:00
20150227,0:00
20150227,1:00
20150227,2:00
20150227,3:00
20150227,4:00
20150227,5:00
20150227,6:00
20150227,7:00
20150227,8:00
20150227,9:00
20150227,10:00
20150227,11:00
20150227,12:00
20150227,13:00
20150227,14:00
20150227,15:00
20150227,16:00
20150227,17:00
20150227,18:00
20150227,19:00
20150227,20:00
20150227,21:00
20150227,22:00
20150227,23:00
20150228,0:00
20150228,1:00
20150228,2:00
20150228,3:00
20150228,4:00
20150228,5:00
20150228,6:00
20150228,7:00
20150228,8:00
20150228,9:00
20150228,10:00
20150228,11:00
20150228,12:00
20150228,13:00
20150228,14:00
20150228,15:00
20150228,16:00
20150228,17:00
20150228,18:00
20150228,19:00
20150228,20:00
20150228,21:00
20150228,22:00
20150228,23:00
20150301,0:00
20150301,1:00
20150301,2:00
20150301,3:00
20150301,4:00
20150301,5:00
20150301,6:00
20150301,7:00
20150301,8:00
20150301,9:00
20150301,10:00
20150301,11:00
20150301,12:00
20150301,13:00
20150301,14:00
20150301,15:00
20150301,16:00
20150301,17:00
20150301,18:00
20150301,19:00
20150301,20:00
20150301,21:00
20150301,22:00
20150301,23:00
20150302,0:00
20150302,1:00
20150302,2:00
20150302,3:00
20150302,4:00
20150302,5:00
20150302,6:00
20150302,7:00
20150302,8:00
20150302,9:00
20150302,10:00
20150302,11:00
20150302,12:00
20150302,13:00
20150302,14:00
20150302,15:00
20150302,16:00
20150302,17:00
20150302,18:00
20150302,19:00
20150302,20:00
20150302,21:00
20150302,22:00
20150302,23:00
20150303,0:00
20150303,1:00
20150303,2:00
20150303,3:00
20150303,4:00
20150303,5:00
20150303,6:00
20150303,7:00
20150303,8:00
20150303,9:00
20150303,10:00
20150303,11:00
20150303,12:00
20150303,13:00
20150303,14:00
20150303,15:00
20150303,16:00
20150303,17:00
20150303,18:00
20150303,19:00
20150303,20:00
20150303,21:00
20150303,22:00
20150303,23:00
20150304,0:00
20150304,1:00
20150304,2:00
20150304,3:00
20150304,4:00
20150304,5:00
20150304,6:00
20150304,7:00
20150304,8:00
20150304,9:00
20150304,10:00
20150304,11:00
20150304,12:00
20150304,13:00
20150304,14:00
20150304,15:00
20150304,16:00
20150304,17:00
20150304,18:00
20150304,19:00
20150304,20:00
20150304,21:00
20150304,22:00
20150304,23:00
20150305,0:00
20150305,1:00
20150305,2:00
20150305,3:00
20150305,4:00
20150305,5:00
20150305,6:00
20150305,7:00
20150305,8:00
20150305,9:00
20150305,10:00
20150305,11:00
20150305,12:00
20150305,13:00
20150305,14:00
20150305,15:00
20150305,16:00
20150305,17:00
20150305,18:00
20150305,19:00
20150305,20:00
20150305,21:00
20150305,22:00
20150305,23:00
20150306,0:00
20150306,1:00
20150306,2:00
20150306,3:00
20150306,4:00
20150306,5:00
20150306,6:00
20150306,7:00
20150306,8:00
20150306,9:00
20150306,10:00
20150306,11:00
20150306,12:00
20150306,13:00
20150306,14:00
20150306,15:00
20150306,16:00
20150306,17:00
20150306,18:00
20150306,19:00
20150306,20:00
20150306,21:00
20150306,22:00
20150306,23:00
20150307,0:00
20150307,1:00
20150307,2:00
20150307,3:00
20150307,4:00
20150307,5:00
20150307,6:00
20150307,7:00
20150307,8:00
20150307,9:00
20150307,10:00
20150307,11:00
20150307,12:00
20150307,13:00
20150307,14:00
20150307,15:00
20150307,16:00
20150307,17:00
20150307,18:00
20150307,19:00
20150307,20:00
20150307,21:00
20150307,22:00
20150307,23:00
20150308,0:00
20150308,1:00
20150308,2:00
20150308,3:00
20150308,4:00
20150308,5:00
20150308,6:00
20150308,7:00
20150308,8:00
20150308,9:00
20150308,10:00
20150308,11:00
20150308,12:00
20150308,13:00
20150308,14:00
20150308,15:00
20150308,16:00
20150308,17:00
20150308,18:00
20150308,19:00
20150308,20:00
20150308,21:00
20150308,22:00
20150308,23:00
20150309,0:00
20150309,1:00
20150309,2:00
20150309,3:00
20150309,4:00
20150309,5:00
20150309,6:00
20150309,7:00
20150309,8:00
20150309,9:00
20150309,10:00
20150309,11:00
20150309,12:00
20150309,13:00
20150309,14:00
20150309,15:00
20150309,16:00
20150309,17:00
20150309,18:00
20150309,19:00
20150309,20:00
20150309,21:00
20150309,22:00
20150309,23:00
20150310,0:00
20150310,1:00
20150310,2:00
20150310,3:00
20150310,4:00
20150310,5:00
20150310,6:00
20150310,7:00
20150310,8:00
20150310,9:00
20150310,10:00
20150310,11:00
20150310,12:00
20150310,13:00
20150310,14:00
20150310,15:00
20150310,16:00
20150310,17:00
20150310,18:00
20150310,19:00
20150310,20:00
20150310,21:00
20150310,22:00
20150310,23:00
20150311,0:00
20150311,1:00
20150311,2:00
20150311,3:00
20150311,4:00
20150311,5:00
20150311,6:00
20150311,7:00
20150311,8:00
20150311,9:00
20150311,10:00
20150311,11:00
20150311,12:00
20150311,13:00
20150311,14:00
20150311,15:00
20150311,16:00
20150311,17:00
20150311,18:00
20150311,19:00
20150311,20:00
20150311,21:00
20150311,22:00
20150311,23:00
20150312,0:00
20150312,1:00
20150312,2:00
20150312,3:00
20150312,4:00
20150312,5:00
20150312,6:00
20150312,7:00
20150312,8:00
20150312,9:00
20150312,10:00
20150312,11:00
20150312,12:00
20150312,13:00
20150312,14:00
20150312,15:00
20150312,16:00
20150312,17:00
20150312,18:00
20150312,19:00
20150312,20:00
20150312,21:00
20150312,22:00
20150312,23:00
20150313,0:00
20150313,1:00
20150313,2:00
20150313,3:00
20150313,4:00
20150313,5:00
20150313,6:00
20150313,7:00
20150313,8:00
20150313,9:00
20150313,10:00
20150313,11:00
20150313,12:00
20150313,13:00
20150313,14:00
20150313,15:00
20150313,16:00
20150313,17:00
20150313,18:00
20150313,19:00
20150313,20:00
20150313,21:00
20150313,22:00
20150313,23:00
20150314,0:00
20150314,1:00
20150314,2:00
20150314,3:00
20150314,4:00
20150314,5:00
20150314,6:00
20150314,7:00
20150314,8:00
20150314,9:00
20150314,10:00
20150314,11:00
20150314,12:00
20150314,13:00
20150314,14:00
20150314,15:00
20150314,16:00
20150314,17:00
20150314,18:00
20150314,19:00
20150314,20:00
20150314,21:00
20150314,22:00
20150314,23:00
20150315,0:00
20150315,1:00
20150315,2:00
20150315,3:00
20150315,4:00
20150315,5:00
20150315,6:00
20150315,7:00
20150315,8:00
20150315,9:00
20150315,10:00
20150315,11:00
20150315,12:00
20150315,13:00
20150315,14:00
20150315,15:00
20150315,16:00
20150315,17:00
20150315,18:00
20150315,19:00
20150315,20:00
20150315,21:00
20150315,22:00
20150315,23:00
20150316,0:00
20150316,1:00
20150316,2:00
20150316,3:00
20150316,4:00
20150316,5:00
20150316,6:00
20150316,7:00
20150316,8:00
20150316,9:00
20150316,10:00
20150316,11:00
20150316,12:00
20150316,13:00
20150316,14:00
20150316,15:00
20150316,16:00
20150316,17:00
20150316,18:00
20150316,19:00
20150316,20:00
20150316,21:00
20150316,22:00
20150316,23:00
20150317,0:00
20150317,1:00
20150317,2:00
20150317,3:00
20150317,4:00
20150317,5:00
20150317,6:00
20150317,7:00
20150317,8:00
20150317,9:00
20150317,10:00
20150317,11:00
20150317,12:00
20150317,13:00
20150317,14:00
20150317,15:00
20150317,16:00
20150317,17:00
20150317,18:00
20150317,19:00
20150317,20:00
20150317,21:00
20150317,22:00
20150317,23:00
20150318,0:00
20150318,1:00
20150318,2:00
20150318,3:00
20150318,4:00
20150318,5:00
20150318,6:00
20150318,7:00
20150318,8:00
20150318,9:00
20150318,10:00
20150318,11:00
20150318,12:00
20150318,13:00
20150318,14:00
20150318,15:00
20150318,16:00
20150318,17:00
20150318,18:00
20150318,19:00
20150318,20:00
20150318,21:00
20150318,22:00
20150318,23:00
20150319,0:00
20150319,1:00
20150319,2:00
20150319,3:00
20150319,4:00
20150319,5:00
20150319,6:00
20150319,7:00
20150319,8:00
20150319,9:00
20150319,10:00
20150319,11:00
20150319,12:00
20150319,13:00
20150319,14:00
20150319,15:00
20150319,16:00
20150319,17:00
20150319,18:00
20150319,19:00
20150319,20:00
20150319,21:00
20150319,22:00
20150319,23:00
20150320,0:00
20150320,1:00
20150320,2:00
20150320,3:00
20150320,4:00
20150320,5:00
20150320,6:00
20150320,7:00
20150320,8:00
20150320,9:00
20150320,10:00
20150320,11:00
20150320,12:00
20150320,13:00
20150320,14:00
20150320,15:00
20150320,16:00
20150320,17:00
20150320,18:00
20150320,19:00
20150320,20:00
20150320,21:00
20150320,22:00
20150320,23:00
20150321,0:00
20150321,1:00
20150321,2:00
20150321,3:00
20150321,4:00
20150321,5:00
20150321,6:00
20150321,7:00
20150321,8:00
20150321,9:00
20150321,10:00
20150321,11:00
20150321,12:00
20150321,13:00
20150321,14:00
20150321,15:00
20150321,16:00
20150321,17:00
20150321,18:00
20150321,19:00
20150321,20:00
20150321,21:00
20150321,22:00
20150321,23:00
20150322,0:00
20150322,1:00
20150322,2:00
20150322,3:00
20150322,4:00
20150322,5:00
20150322,6:00
20150322,7:00
20150322,8:00
20150322,9:00
20150322,10:00
20150322,11:00
20150322,12:00
20150322,13:00
20150322,14:00
20150322,15:00
20150322,16:00
20150322,17:00
20150322,18:00
20150322,19:00
20150322,20:00
20150322,21:00
20150322,22:00
20150322,23:00
20150323,0:00
20150323,1:00
20150323,2:00
20150323,3:00
20150323,4:00
20150323,5:00
20150323,6:00
20150323,7:00
20150323,8:00
20150323,9:00
20150323,10:00
20150323,11:00
20150323,12:00
20150323,13:00
20150323,14:00
20150323,15:00
20150323,16:00
20150323,17:00
20150323,18:00
20150323,19:00
20150323,20:00
20150323,21:00
20150323,22:00
20150323,23:00
20150324,0:00
20150324,1:00
20150324,2:00
20150324,3:00
20150324,4:00
20150324,5:00
20150324,6:00
20150324,7:00
20150324,8:00
20150324,9:00
20150324,10:00
20150324,11:00
20150324,12:00
20150324,13:00
20150324,14:00
20150324,15:00
20150324,16:00
20150324,17:00
20150324,18:00
20150324,19:00
20150324,20:00
20150324,21:00
20150324,22:00
20150324,23:00
20150325,0:00
20150325,1:00
20150325,2:00
20150325,3:00
20150325,4:00
20150325,5:00
20150325,6:00
20150325,7:00
20150325,8:00
20150325,9:00
20150325,10:00
20150325,11:00
20150325,12:00
20150325,13:00
20150325,14:00
20150325,15:00
20150325,16:00
20150325,17:00
20150325,18:00
20150325,19:00
20150325,20:00
20150325,21:00
20150325,22:00
20150325,23:00
20150326,0:00
20150326,1:00
20150326,2:00
20150326,3:00
20150326,4:00
20150326,5:00
20150326,6:00
20150326,7:00
20150326,8:00
20150326,9:00
20150326,10:00
20150326,11:00
20150326,12:00
20150326,13:00
20150326,14:00
20150326,15:00
20150326,16:00
20150326,17:00
20150326,18:00
20150326,19:00
20150326,20:00
20150326,21:00
20150326,22:00
20150326,23:00
20150327,0:00
20150327,1:00
20150327,2:00
20150327,3:00
20150327,4:00
20150327,5:00
20150327,6:00
20150327,7:00
20150327,8:00
20150327,9:00
20150327,10:00
20150327,11:00
20150327,12:00
20150327,13:00
20150327,14:00
20150327,15:00
20150327,16:00
20150327,17:00
20150327,18:00
20150327,19:00
20150327,20:00
20150327,21:00
20150327,22:00
20150327,23:00
20150328,0:00
20150328,1:00
20150328,2:00
20150328,3:00
20150328,4:00
20150328,5:00
20150328,6:00
20150328,7:00
20150328,8:00
20150328,9:00
20150328,10:00
20150328,11:00
20150328,12:00
20150328,13:00
20150328,14:00
20150328,15:00
20150328,16:00
20150328,17:00
20150328,18:00
20150328,19:00
20150328,20:00
20150328,21:00
20150328,22:00
20150328,23:00
20150329,0:00
20150329,1:00
20150329,2:00
20150329,3:00
20150329,4:00
20150329,5:00
20150329,6:00
20150329,7:00
20150329,8:00
20150329,9:00
20150329,10:00
20150329,11:00
20150329,12:00
20150329,13:00
20150329,14:00
20150329,15:00
20150329,16:00
20150329,17:00
20150329,18:00
20150329,19:00
20150329,20:00
20150329,21:00
20150329,22:00
20150329,23:00
20150330,0:00
20150330,1:00
20150330,2:00
20150330,3:00
20150330,4:00
20150330,5:00
20150330,6:00
20150330,7:00
20150330,8:00
20150330,9:00
20150330,10:00
20150330,11:00
20150330,12:00
20150330,13:00
20150330,14:00
20150330,15:00
20150330,16:00
20150330,17:00
20150330,18:00
20150330,19:00
20150330,20:00
20150330,21:00
20150330,22:00
20150330,23:00
20150331,0:00
20150331,1:00
20150331,2:00
20150331,3:00
20150331,4:00
20150331,5:00
20150331,6:00
20150331,7:00
20150331,8:00
20150331,9:00
20150331,10:00
20150331,11:00
20150331,12:00
20150331,13:00
20150331,14:00
20150331,15:00
20150331,16:00
20150331,17:00
20150331,18:00
20150331,19:00
20150331,20:00
20150331,21:00
20150331,22:00
20150331,23:00
